time,open,high,low,close,Volume,Volume MA,Histogram,MACD,Signal,RSI,RSI-based MA,Upper Bollinger Band,Lower Bollinger Band
1627776000,41461.84,42599,39422.01,39845.44,53953.186326,60492.01550384999,928.6186610702314,1867.2975616221083,938.678900551877,63.30110202961783,57.98565348028653,NaN,NaN
1627862400,39850.27,40480.01,38690,39147.82,50837.351954,60977.565051149984,702.2607441760335,1816.504830771919,1114.2440865958854,60.28822967523516,59.60572924327369,NaN,NaN
1627948800,39146.86,39780,37642.03,38207.05,57117.435853,61494.54566959998,453.37422427099636,1680.961866934631,1227.5876426636346,56.39039160973685,61.18475349831863,NaN,NaN
1628035200,38207.04,39969.66,37508.56,39723.18,52329.35243,61529.03447344998,359.17454175755006,1676.5558198605722,1317.3812781030222,60.79010699624864,62.25219676152715,NaN,NaN
1628121600,39723.17,41350,37332.7,40862.46,84343.755621,63321.22904679998,341.99935711018543,1744.8804744907538,1402.8811173805684,63.749704568058206,63.48693011326815,NaN,NaN
1628208000,40862.46,43392.43,39853.86,42836.87,75753.941347,65408.314007549976,426.51854694248004,1936.0293010586684,1509.5107541161883,68.22583473237141,64.64588642575602,NaN,NaN
1628294400,42836.87,44700,42446.41,44572.54,73396.740808,67281.96523864998,554.1392138547005,2202.184771434564,1648.0455575798635,71.55140739399366,65.87405959644711,NaN,NaN
1628380800,44572.54,45310,43261,43794.37,69329.092698,68381.39644859997,540.3945739729554,2323.5387750460577,1783.1442010731023,68.10955422422637,66.57317212580863,NaN,NaN
1628467200,43794.36,46454.15,42779,46253.4,74587.884845,69059.08823999998,644.1242879942658,2588.2995610659345,1944.1752730716687,72.59564245100745,67.19392342288457,NaN,NaN
1628553600,46248.87,46700,44589.46,45584.99,53814.643421,67610.00715464998,614.9929640961582,2712.916478191866,2097.923514095708,69.72448931002887,67.23023844667075,NaN,NaN
1628640000,45585,46743.47,45341.14,45511,52734.901977,67939.34763184999,540.6468300731985,2773.732051687206,2233.0852216140074,69.39729696725259,67.15843469813623,NaN,NaN
1628726400,45510.67,46218.12,43770,44399,55266.108781,68197.00988959998,374.38265951034055,2701.063546001933,2326.6808864915924,64.49855863434232,66.7378653510888,NaN,NaN
1628812800,44400.06,47886,44217.39,47800,48239.370431,68210.10090424998,446.37770995024675,2884.6530239294007,2438.275313979154,71.19565088500002,66.48179948536965,NaN,NaN
1628899200,47799.99,48144,45971.03,47068.51,46114.359022,68123.17243969999,399.19168211253645,2937.2649166198244,2538.073234507288,68.2150295101193,66.28807135623131,NaN,NaN
1628985600,47068.5,47372.27,45500,46973.82,42110.711334,62606.0823702,319.5080826094277,2937.4583377690724,2617.9502551596447,67.81921971084611,66.61079404774763,NaN,NaN
1629072000,46973.82,48053.83,45660,45901.29,52480.574014,60810.247720149986,160.50109278831542,2818.576621145039,2658.0755283567237,63.33641360950579,66.8285214716241,NaN,NaN
1629158400,45901.3,47160,44376,44695.95,57039.341629,58594.98837954998,-48.73029056977566,2597.162665144504,2645.8929557142797,58.6449076124233,66.98955832895885,NaN,NaN
1629244800,44695.95,46000,44203.28,44705.29,54099.415985,58600.03721464998,-200.8439898591805,2394.837968390304,2595.6819582494845,58.67045470168881,66.83815459363315,NaN,NaN
1629331200,44699.37,47033,43927.7,46760.62,53411.75392,57590.48567039998,-178.15531378128662,2372.9878160228764,2551.143129804163,63.94830944345515,66.8523406561615,NaN,NaN
1629417600,46760.62,49382.99,46622.99,49322.47,56850.352228,58190.51373119998,-14.362298125050984,2533.1902571478495,2547.5525552729005,69.22385984706473,66.92362816435389,NaN,NaN
1629504000,49322.47,49757.04,48222,48821.87,46745.136584,57830.111244099986,33.88021342195634,2589.902822050346,2556.0226086283897,67.15587207614698,66.60966135593627,NaN,NaN
1629590400,48821.88,49500,48050,49239.22,37007.887795,57138.63803614998,65.67316004807753,2638.1140586884867,2572.440898640409,68.01379664420456,66.60282152879185,NaN,NaN
1629676800,49239.22,50500,49029,49488.85,52462.541954,56905.89334119998,74.63601827374623,2665.735921482592,2591.0999032088457,68.54308044680535,66.31335281420598,NaN,NaN
1629763200,49488.85,49860,47600,47674.01,51014.594748,56840.15545709998,-63.10019146088871,2512.2246638827346,2575.3248553436233,60.681522373140574,65.66742660442824,NaN,NaN
1629849600,47674.01,49264.3,47126.28,48973.32,44655.830342,54855.75919314998,-86.6825793692633,2466.9716311320444,2553.6542105013077,63.876000762198075,65.2730483040672,NaN,NaN
1629936000,48973.32,49352.84,46250,46843.87,49371.277774,53536.62601449998,-256.09722140075246,2233.532683750367,2489.6299051511196,55.865070337052316,64.65637056854649,NaN,NaN
1630022400,46843.86,49149.93,46348,49069.9,42068.104965,51970.19422234998,-229.49544382136946,2202.7606003744077,2432.256044195777,61.325405052745545,63.95135300909975,NaN,NaN
1630108800,49069.9,49299,48346.88,48895.35,26681.063786,49837.79277674998,-234.1052219058397,2139.6245168134774,2373.729738719317,60.691335290415005,63.413946279120864,NaN,NaN
1630195200,48895.35,49632.27,47762.54,48767.83,32652.283473,47741.01270814998,-254.50122834292688,2055.6032032906587,2310.1044316335856,60.20161522875896,62.8698316732575,NaN,NaN
1630281600,48767.84,48888.61,46853,46982.91,40288.35083,47064.698078599984,-388.9138807528325,1823.962080692545,2212.8759614453775,53.67325283708171,62.17960590379863,NaN,NaN
1630368000,46982.91,48246.11,46700,47100.89,48645.52737,46860.22934824999,-465.41877876124045,1631.1024879938268,2096.5212667550672,54.02811747007129,61.849835179344915,NaN,NaN
1630454400,47100.89,49156,46512,48810.52,49904.65528,46592.156673199985,-398.9815368417544,1597.7943457028741,1996.7758825446285,58.936771510011745,61.86885780851084,NaN,NaN
1630540800,48810.51,50450.13,48584.06,49246.64,54410.770538,46900.72667854999,-326.79675428895825,1588.2799396834307,1915.076693972389,60.10696000803688,61.59447570598097,NaN,NaN
1630627200,49246.63,51000,48316.84,49999.14,59025.644157,47546.290935299985,-233.85810181083366,1622.754066708847,1856.6121685196806,62.1131691128861,61.08656922496821,NaN,NaN
1630713600,49998,50535.69,49370,49915.64,34664.65959,47173.98834809999,-185.6018805024471,1624.6098178916218,1810.211698394069,61.74212521517105,60.69987302061278,NaN,NaN
1630800000,49917.54,51900,49450,51756.88,40544.835873,46577.20144104999,-44.62597778384543,1754.4292261642622,1799.0552039481076,66.49503319699619,60.591389917240754,NaN,NaN
1630886400,51756.88,52780,50969.33,52663.9,49249.667081,46187.71771364999,87.55660893034405,1908.5009651110377,1820.9443561806936,68.56669902064942,60.59307695822962,NaN,NaN
1630972800,52666.2,52920,42843.05,46863.73,123048.802719,49635.187050349996,-220.93826989294234,1544.7715188145157,1765.709788707458,48.089540922622625,59.693649711764046,NaN,NaN
1631059200,46868.57,47340.99,44412.02,46048.31,65069.3152,50218.065114349985,-470.8507727389765,1177.1463227837376,1647.997095522714,46.00923697896934,58.417452298676274,NaN,NaN
1631145600,46048.31,47399.97,45513.08,46395.14,50651.66002,49908.130503949986,-595.6989069651954,903.3734618162198,1499.0723687814152,47.05828210586341,57.78839599644849,NaN,NaN
1631232000,46395.14,47033,44132.29,44850.91,49048.26618,50023.28698374999,-754.9396853746191,555.3977620631413,1310.3374474377604,43.047723155187754,56.482847289480084,NaN,NaN
1631318400,44842.2,45987.93,44722.22,45173.69,30440.4081,49694.912998999986,-806.5205653489252,302.1867407516038,1108.707306100529,44.11975201130255,55.29916276954348,NaN,NaN
1631404800,45173.68,46460,44742.06,46025.24,32094.28052,48676.499927299985,-752.335262133682,168.2882284334264,920.6234905671084,46.95646912865452,54.3530809052503,NaN,NaN
1631491200,46025.23,46880,43370,44940.73,65429.15056,49397.22771789999,-756.53834942485,-25.04944621395407,731.488903210896,43.89993221464875,53.65498657507652,NaN,NaN
1631577600,44940.72,47250,44594.44,47111.52,44855.85099,49407.22875029998,-587.6478709773198,-3.0709355107537704,584.576935466566,50.80299483733844,53.42462067273846,NaN,NaN
1631664000,47103.28,48500,46682.32,48121.41,43204.71174,49098.90044859998,-391.8657744219161,94.74471743917093,486.61049186108704,53.659779255074405,53.047692654528646,NaN,NaN
1631750400,48121.4,48557,47021.1,47737.82,40725.08895,49031.74964784998,-277.52725044015665,139.70142881089123,417.2286792510479,52.41477617422624,52.4982509521136,NaN,NaN
1631836800,47737.81,48150,46699.56,47299.98,34461.92776,49420.792846549986,-223.05936180630687,138.40447699316428,361.46383879947115,50.961342407703356,51.7016919017434,NaN,NaN
1631923200,47299.98,48843.2,47035.56,48292.74,30906.47038,49333.50219189998,-117.16657698429788,215.00561756909883,332.1721945533967,54.0711974857587,51.15376849249967,NaN,NaN
1632009600,48292.75,48372.83,46829.18,47241.75,29847.24349,48811.44682489998,-114.75304235529285,188.73089160928066,303.4839339645735,50.42542046771814,50.00593901183695,NaN,NaN
1632096000,47241.75,47347.25,42500,43015.62,78003.524443,50279.34667854998,-379.6932901928058,-171.13267877643375,208.56061141637207,39.02956813955785,47.89614394890184,NaN,NaN
1632182400,43016.64,43639,39600,40734.38,84534.080485,52010.817938799984,-673.3333697974718,-633.1061008304678,40.22726896700411,34.4974881359942,46.92528303557123,NaN,NaN
1632268800,40734.09,44000.55,40565.39,43543.61,58349.05542,52207.73218289998,-643.1722836705432,-763.7380856211748,-120.56580195063168,43.23844730913612,46.727369487726,NaN,NaN
1632355200,43546.37,44978,43069.09,44865.26,48699.57655,51691.42880254998,-505.107954514683,-751.9507450939855,-246.84279057930246,46.833095240020405,46.71128471159437,NaN,NaN
1632441600,44865.26,45200,40675,42810.57,84113.426292,54163.867137649984,-520.9684111892922,-898.0533045659176,-377.0848933766255,42.34353562763743,46.66098560248362,NaN,NaN
1632528000,42810.58,42966.84,41646.28,42670.64,33594.57189,53816.353938499975,-509.09160789506797,-1013.4494032454604,-504.35779535039245,42.04790836084335,46.512996770307964,NaN,NaN
1632614400,42670.63,43950,40750,43160.9,49879.99765,53847.87046694998,-439.0746527522739,-1053.2011112907348,-614.126458538461,43.53533126483422,46.26862978003509,NaN,NaN
1632700800,43160.9,44350,42098,42147.35,39776.84383,49684.272522499974,-431.25588235518273,-1153.1963114824393,-721.9404291272566,41.18203526848538,46.07449428388056,NaN,NaN
1632787200,42147.35,42787.38,40888,41026.54,43372.2624,48599.41988249998,-468.6937652728361,-1307.8076357183018,-839.1138704454656,38.6913433392929,45.20937631973446,NaN,NaN
1632873600,41025.01,42590,40753.88,41524.28,33511.53487,47742.41362499998,-428.17475836525443,-1374.3323184020337,-946.1575600367793,40.41482110325877,44.26330788031906,NaN,NaN
1632960000,41524.29,44141.37,41410.17,43824.1,46381.22781,47609.061706499975,-224.93752399001994,-1227.3294650243042,-1002.3919410342843,47.72685949964733,43.9284566892777,NaN,NaN
1633046400,43820.01,48495,43283.03,48141.61,66244.87492,49399.28504749997,198.91125155208147,-753.7528765941825,-952.6641281462639,58.11778146427217,44.43963090760405,NaN,NaN
1633132800,48141.6,48336.59,47430.18,47634.9,30508.98131,49320.02008699997,430.4924048306351,-414.54862210797,-845.0410269386051,56.69342403756454,44.626932804161605,NaN,NaN
1633219200,47634.89,49228.08,47088,48200.01,30825.05601,47589.81535949997,596.8439397554207,-98.98610224432923,-695.8300419997499,57.931715724593104,45.16309675108125,NaN,NaN
1633305600,48200.01,49536.12,46891,49224.94,46796.49372,47686.84749599997,741.5747013689627,231.13833471145335,-510.43636665750927,60.15691040954197,46.672192627508686,NaN,NaN
1633392000,49224.93,51886.3,49022.4,51471.99,52125.66793,48132.89530549997,941.4696000102567,666.4006333553116,-275.0689666549451,64.5803553694242,48.820968858467964,NaN,NaN
1633478400,51471.99,55750,50382.41,55315,79877.545181,50090.51811704997,1265.1661292244803,1306.3886948756553,41.222565651175046,70.59341687936185,50.77489525634123,NaN,NaN
1633564800,55315,55332.31,53357,53785.22,54917.37766,51113.29061204997,1303.7279395928995,1670.8824901422995,367.15455054939997,65.80437779403114,52.129986867342,NaN,NaN
1633651200,53785.22,56100,53617.61,53951.43,46160.25785,51875.97998554997,1266.8140183130859,1950.6720734407572,683.8580551276714,66.07367623225028,53.82499691052863,NaN,NaN
1633737600,53955.67,55489,53661.67,54949.72,55177.08013,53142.47181754997,1234.7425357064499,2227.2862247607336,992.5436890542838,67.71807449763025,55.65858020601341,NaN,NaN
1633824000,54949.72,56561.31,54080,54659,89237.836128,53704.18740179997,1122.3116051211723,2395.4331954557492,1273.121590334577,66.70410327298978,57.31349249231023,NaN,NaN
1633910400,54659.01,57839.04,54415.06,57471.35,52933.165751,52124.141665099974,1160.879447422994,2724.2208996133195,1563.3414521903255,71.19710255467365,59.45742586989511,NaN,NaN
1633996800,57471.35,57680,53879,55996.93,53471.2855,51880.253169099975,1015.8510794082013,2833.155301450577,1817.3042220423758,66.15679950958308,61.41924416777298,NaN,NaN
1634083200,55996.91,57777,54167.19,57367,55808.44492,52235.696587599974,942.5641667731556,2995.5094305088205,2052.945263735665,68.3957574826847,63.41788248058912,NaN,NaN
1634169600,57370.83,58532.54,56818.05,57347.94,43053.336781,50182.692112049976,827.2859038321603,3087.0526435258653,2259.766739693705,68.32803415904723,64.88939495626055,NaN,NaN
1634256000,57347.94,62933,56850,61672.42,82512.908022,52628.60891864998,967.040376639708,3468.56721049334,2501.526833853632,74.49795723709754,66.05940751146235,NaN,NaN
1634342400,61672.42,62378.42,60150,60875.57,35467.88096,51908.00308414998,930.282870141581,3664.380421530608,2734.097551389027,71.72524906946528,67.13310929945526,NaN,NaN
1634428800,60875.57,61718.39,58963,61528.33,39099.24124,51874.12295464998,875.2083846582818,3828.1080322118796,2952.899647553598,72.62410435027485,68.1825656298611,NaN,NaN
1634515200,61528.32,62695.78,59844.45,62009.84,51798.44844,52295.432256649976,798.6167152673756,3951.170541637817,3152.5538263704416,73.2984217693112,69.12124501270175,NaN,NaN
1634601600,62005.6,64486,61322.22,64280.59,53628.107744,53301.260900349975,824.918461502974,4183.701903249159,3358.783441746185,76.26729696940176,69.9560265555573,NaN,NaN
1634688000,64280.59,67000,63481.4,66001.41,51428.934856,53553.646252649974,877.3576223764458,4455.480469716742,3578.122847340296,78.24167902335472,70.50233099441392,NaN,NaN
1634774400,66001.4,66639.74,62000,62193.15,68538.64537,53668.334775149975,588.5776167609138,4313.844868291439,3725.267251530525,65.2954636013057,70.46597998064783,NaN,NaN
1634860800,62193.15,63732.39,60000,60688.22,52119.35886,54748.85365264998,246.7180253400693,4033.6647832056115,3786.946757865542,61.00001061345026,70.10357529359068,NaN,NaN
1634947200,60688.23,61747.64,59562.15,61286.75,27617.30936,54588.466320149986,23.185605385617237,3815.9287645975637,3792.7431592119465,62.06876342107774,69.70005307383693,NaN,NaN
1635033600,61286.75,61500,59510.63,60852.22,31226.57676,53809.97047214998,-180.44401751623946,3567.188137316647,3747.6321548328865,60.76680325952236,69.27596021573211,NaN,NaN
1635120000,60852.22,63710.63,60650,63078.78,36853.83806,53046.378978649984,-190.68853606773882,3509.271484748213,3699.960020815952,64.836953310081,68.82166384111835,NaN,NaN
1635206400,63078.78,63293.48,59817.55,60328.81,40217.50083,51063.37676109998,-396.34188388623716,3204.532665958155,3600.8745498443923,56.97517761811202,68.16583370601327,NaN,NaN
1635292800,60328.81,61496,58000,58413.44,62124.49016,51423.73238609998,-659.5274463251662,2776.4652419379345,3435.9926882631007,52.225240038876514,67.01079674574127,NaN,NaN
1635379200,58413.44,62499,57820,60575.89,61056.35301,52168.53714409998,-683.2363218996006,2581.9472858886,3265.183607788201,56.622156820851494,66.17466265015587,NaN,NaN
1635465600,60575.9,62980,60174.81,62253.71,43973.90414,51608.37834459998,-584.9737117809223,2533.966468062048,3118.9401798429703,59.719759843494224,65.11907712204133,NaN,NaN
1635552000,62253.7,62359.25,60673,61859.19,31478.12566,48720.392821199974,-546.3314498225709,2436.0258675647565,2982.3573173873274,58.659039031935215,64.1857764050749,NaN,NaN
1635638400,61859.19,62405.3,59945.36,61299.8,39267.63794,48037.11643064998,-556.3601766261772,2286.9070966046056,2843.267273230783,57.11012780847865,63.07763522351803,NaN,NaN
1635724800,61299.81,62437.74,59405,60911.11,44687.66672,47597.93549164997,-584.2074812450146,2113.0079216745144,2697.215402919529,56.00355365811023,61.84228750128939,NaN,NaN
1635811200,60911.12,64270,60624.68,63219.99,46368.2841,47125.92745064998,-448.2791811042107,2136.8664265392654,2585.145607643476,60.85554798290718,60.74144828796835,NaN,NaN
1635897600,63220.57,63500,60382.76,62896.48,43336.09049,47140.06513609998,-383.7963519907198,2105.400167655076,2489.196519645796,59.85944012374675,59.42843122371065,NaN,NaN
1635984000,62896.49,63086.31,60677.01,61395.01,35930.93314,44810.96639199997,-441.7743621937634,1936.9785669035919,2378.7529290973553,55.332544664015,58.71679415676131,NaN,NaN
1636070400,61395.01,62595.72,60721,60937.12,31604.48749,44617.79671849997,-505.86342018070945,1746.4236538714686,2252.287074052178,53.991562823866815,58.21619074321963,NaN,NaN
1636156800,60940.18,61560.49,60050,61470.61,25590.57408,43942.36336049998,-506.00258959030816,1619.783837064293,2125.786426654601,55.34931402716781,57.73623007222607,NaN,NaN
1636243200,61470.62,63286.35,61322.78,63273.59,25515.6883,42628.225353499976,-383.8827439690699,1645.9329966932637,2029.8157406623336,59.67996267256326,57.65859860172899,NaN,NaN
1636329600,63273.58,67789,63273.58,67525.83,54442.089684,42668.92445049998,-34.354042671106754,1986.87318732345,2021.2272299945569,67.64926804183473,57.85947822542572,NaN,NaN
1636416000,67525.82,68524.25,66222.4,66947.66,44661.378068,42330.54661109998,131.2000699634118,2185.227317448822,2054.02724748541,65.74646252512309,58.48599857592651,NaN,NaN
1636502400,66947.67,69000,62822.9,64882.43,65171.504046,42162.18954489997,77.56412779906805,2150.9824072342453,2073.4182794351773,59.32723241284392,58.99328374549561,NaN,NaN
1636588800,64882.42,65600.07,64100,64774.26,37237.98058,41418.12063089997,14.074003235386954,2091.0107834794107,2076.936780244024,59.00229289572964,59.16329346512976,NaN,NaN
1636675200,64774.25,65450.7,62278,64122.23,44490.10816,42261.76057089997,-87.00422685099693,1968.1814966802776,2055.1857235312746,56.97652433662615,58.96734807178205,NaN,NaN
1636761600,64122.22,65000,63360.22,64380,22504.97383,41825.68042439997,-148.08365465796965,1870.0811552088126,2018.1648098667822,57.596355769098025,58.89144212443653,NaN,NaN
1636848000,64380.01,65550.51,63576.27,65519.1,25705.07347,41268.24219489997,-124.30878931153211,1862.778823227367,1987.087612538899,60.31708800104189,59.120510709619616,NaN,NaN
1636934400,65519.11,66401.82,63400,63606.74,37829.37124,41148.83571539997,-243.04893820206235,1683.2764397863211,1926.3253779883835,54.04734852347078,58.980781771431076,NaN,NaN
1637020800,63606.73,63617.31,58574.07,60058.87,77455.15609,41915.369011899966,-548.7106518845728,1240.4370631326674,1789.1477150172402,44.75308756205889,57.83060602708478,NaN,NaN
1637107200,60058.87,60840.23,58373,60344.87,46289.38491,41177.02060689997,-709.5886396439198,902.1619154623404,1611.7505551062602,45.56572334878389,56.80962625744456,NaN,NaN
1637193600,60344.86,60976,56474.26,56891.62,62146.99931,42085.67536539997,-1008.2984063503302,351.3775471683475,1359.6759535186777,38.24987600949009,55.58943563926422,NaN,NaN
1637280000,56891.62,58320,55600,58052.24,50715.88726,43047.56344539997,-1080.995081705948,8.43210138624272,1089.4271830921907,41.641274903142865,54.70727221635536,NaN,NaN
1637366400,58057.1,59845,57353,59707.51,33811.5901,42774.76105339997,-974.1890362949555,-128.30911227650358,845.8799240184519,46.18110205397759,54.052399932556064,NaN,NaN
1637452800,59707.52,60029.76,58486.65,58622.02,31902.22785,42135.48910989997,-933.1616388551129,-320.5721245504392,612.5895143046737,43.77611677382911,52.91641093978934,NaN,NaN
1637539200,58617.7,59444,55610,56247.18,51724.32047,42403.29092839997,-1015.6701882969188,-656.9982210664748,358.671967230444,38.99185201502994,50.869452652160426,NaN,NaN
1637625600,56243.83,58009.99,55317,57541.27,49917.85017,42732.378912399974,-934.8259823358717,-809.8605106893956,124.96547164647609,42.668770771138796,49.2210460983044,NaN,NaN
1637712000,57541.26,57735,55837,57138.29,39612.04964,42916.43473739997,-862.0058060477171,-952.5417859131703,-90.53597986545321,41.82345343140485,47.97077617105875,NaN,NaN
1637798400,57138.29,59398.9,57000,58960.36,42153.51522,43443.886123899974,-654.0701116025858,-908.1236193686855,-254.05350776609967,46.941786218578144,47.10931140840508,NaN,NaN
1637884800,58960.37,59150,53500,53726.53,65927.87066,45460.75095289997,-821.1472567414204,-1280.487578692875,-459.3403219514547,36.89935992333197,45.67522823602692,NaN,NaN
1637971200,53723.72,55280,53610,54721.03,29716.99957,45670.81651639997,-815.1676937108133,-1478.2999390899713,-663.132245379158,39.545877729867065,44.38590837608185,NaN,NaN
1638057600,54716.47,57445.05,53256.64,57274.88,36163.7137,44756.89771719997,-599.6609911004897,-1412.7084842547702,-813.0474931542805,45.82909954551114,43.351052057829655,NaN,NaN
1638144000,57274.89,58865.97,56666.67,57776.25,40125.28009,44530.09281829997,-393.7416840104189,-1305.224598167304,-911.4829141568852,46.993843403277765,42.84723026353016,NaN,NaN
1638230400,57776.25,59176.99,55875.55,56950.56,49161.05194,43729.57021299998,-288.4186530391679,-1272.006230455845,-983.5875774166772,45.26762612695308,42.88398301816546,NaN,NaN
1638316800,56950.56,59053.55,56458.01,57184.07,44956.63656,44115.50301199998,-183.4155924199913,-1212.8570679416662,-1029.4414755216749,45.87316257393466,42.90594296281908,NaN,NaN
1638403200,57184.07,57375.47,55777.77,56480.34,37574.05976,43769.70059199997,-143.51194296581957,-1208.8314042289494,-1065.3194612631298,44.28308208630857,43.336886254020406,NaN,NaN
1638489600,56484.26,57600,51680,53601.05,58927.69027,45590.836413999976,-285.01522243438876,-1421.5884893061157,-1136.573266871727,38.415830870113965,43.10649739451834,NaN,NaN
1638576000,53601.05,53859.1,42000.3,49152.47,114203.373748,50015.75142789997,-632.3018290905263,-1926.9505532348849,-1294.6487241443585,31.47667853237577,42.05618142868964,NaN,NaN
1638662400,49152.46,49699.05,47727.21,49396.33,45580.82012,50403.32387189998,-789.4623985828969,-2281.4767223729796,-1492.0143237900827,32.19966781689341,41.22929221747995,NaN,NaN
1638748800,49396.32,50891.11,47100,50441.92,58571.21575,49459.12685489998,-766.2531544753949,-2449.8307668843263,-1683.5776124089314,35.3493856252056,40.96911604677821,NaN,NaN
1638835200,50441.91,51936.33,50039.74,50588.95,38253.46877,49057.33104789998,-686.805826538912,-2542.0848955825713,-1855.2790690436593,35.80103051502023,40.47856317134118,NaN,NaN
1638921600,50588.95,51200,48600,50471.19,38425.92466,47871.27731539998,-591.6072271791347,-2594.7881030175777,-2003.180875838443,35.58659957024375,40.03307360982967,NaN,NaN
1639008000,50471.19,50797.76,47320,47545.59,37692.68665,47220.117284899985,-669.3679005639515,-2839.890751543382,-2170.5228509794306,30.67153452408587,38.87091277450879,NaN,NaN
1639094400,47535.9,50125,46852,47140.54,44233.57391,47741.21647539998,-689.0785149546878,-3031.8709946727904,-2342.7924797181026,30.05265795684265,38.38186263404526,NaN,NaN
1639180800,47140.54,49485.71,46751,49389.99,28889.19358,47590.56476189998,-500.39667608203126,-2968.2883248206417,-2467.8916487386105,37.58468842983328,38.24177768404285,NaN,NaN
1639267200,49389.99,50777,48638,50053.9,26017.93421,46305.24544889998,-291.03445195708036,-2831.684713684961,-2540.6502617278807,39.650230372235725,37.80042988595175,NaN,NaN
1639353600,50053.9,50189.97,45672.75,46702.75,50869.52093,46352.82898689998,-335.2536996464546,-2959.717386285949,-2624.4636866394944,33.60496153803888,36.84408118129183,NaN,NaN
1639440000,46702.76,48700.41,46290,48343.28,39955.98445,46370.02572739998,-216.7733880251526,-2895.430421670935,-2678.6570336457826,38.54470298763129,36.36387238562598,NaN,NaN
1639526400,48336.95,49500,46547,48864.98,51629.181,46843.80901639997,-73.43412476584626,-2770.4496896030905,-2697.0155648372443,40.07164413274577,35.94947821125535,NaN,NaN
1639612800,48864.98,49436.43,47511,47632.38,31949.86739,45144.90885289998,-33.815789665515695,-2739.285301919139,-2705.469512253623,37.68897719976723,35.47847071935954,NaN,NaN
1639699200,47632.38,47995.96,45456,46131.2,43104.4887,45814.28330939998,-78.34765664234737,-2803.4040830565573,-2725.05642641421,34.962371438893044,35.2317950457009,NaN,NaN
1639785600,46133.83,47392.37,45500,46834.48,25020.05271,45257.10025989998,-32.426748631404735,-2765.5898622034656,-2733.163113572061,37.25262587441314,35.644362712989285,NaN,NaN
1639872000,46834.47,48300.01,46406.91,46681.23,29305.70665,44716.12158789997,13.193120031437957,-2716.6717135327635,-2729.8648335642015,36.9473034637483,35.98347954490749,NaN,NaN
1639958400,46681.24,47537.57,45558.85,46914.16,35848.50609,44050.49429539997,80.84786978827515,-2628.8049963288577,-2709.652866117133,37.78199782655819,36.15723755928981,NaN,NaN
1640044800,46914.17,49328.96,46630,48889.88,37713.92924,43688.35892939997,269.8036000275233,-2372.398366082729,-2642.201966110252,44.493949147129825,36.778160318726215,NaN,NaN
1640131200,48887.59,49576.13,48421.87,48588.16,27004.2022,43159.86605139998,378.9272259639338,-2168.542933655335,-2547.470159619269,43.71831040776372,37.35899680712049,NaN,NaN
1640217600,48588.17,51375,47920.42,50838.81,35192.54046,41973.10856089998,594.315833539592,-1804.5753676947788,-2398.891201234371,50.63175900802803,38.78472712740207,NaN,NaN
1640304000,50838.82,51810,50384.43,50820,31684.81208,37847.18047749998,718.8320448600098,-1500.3511451593586,-2219.1831900193683,50.57584298719387,40.2506689152843,NaN,NaN
1640390400,50819.99,51156.23,50142.32,50399.66,19135.51613,36524.91527799997,752.6007829600974,-1278.4322113192466,-2031.032994279344,49.266476112140076,41.08508232116337,NaN,NaN
1640476800,50399.67,51280,49412,50775.49,22569.88914,34724.84894749997,776.8149298468406,-1060.0143319707931,-1836.8292618176338,50.50041925110535,41.8600958125112,NaN,NaN
1640563200,50775.48,52088,50449,50701.44,28779.58212,34251.15461499997,763.290289515553,-882.7163999231925,-1646.0066894387455,50.24113397583439,43.04839384378231,NaN,NaN
1640649600,50701.44,50704.05,47313.01,47543.74,45853.33924,34622.52534399997,528.2896604734851,-985.6446138468891,-1513.9342743203742,40.65528883159594,43.19914997549406,NaN,NaN
1640736000,47543.74,48139.08,46096.99,46464.66,39498.87,34712.83451149997,298.23988707137187,-1141.1344154811595,-1439.3743025525314,37.98791496210763,43.050312177591344,NaN,NaN
1640822400,46464.66,47900,45900,47120.87,30352.29569,34018.77060049997,193.4152081471275,-1197.605292368622,-1391.0205005157495,40.54265231549752,43.25414611442921,NaN,NaN
1640908800,47120.88,48548.26,45678,46216.93,34936.46964,34321.13440349997,72.56831472379417,-1300.3101071110068,-1372.878421834801,38.207577142291754,43.48594652181483,NaN,NaN
1640995200,46216.93,47954.63,46208.37,47722.65,19604.46325,34000.46085549997,101.62747542413422,-1245.8440775546333,-1347.4715529787675,43.994028928890785,43.96747531142039,NaN,NaN
1641081600,47722.66,47990,46654,47286.18,18340.4604,32374.007828999973,98.94385940077723,-1223.791728727796,-1322.7355881285732,42.74448349631056,44.381559599460545,NaN,NaN
1641168000,47286.18,47570,45696,46446.1,27662.0771,31759.312461499976,50.52220510989741,-1259.5828317412015,-1310.105036851099,40.36793965920991,44.56626973036424,NaN,NaN
1641254400,46446.1,47557.54,45500,45832.01,35491.4136,30952.424091499975,-9.721818821987654,-1322.2573103785835,-1312.5354915565958,38.67518424915265,44.15064366622301,NaN,NaN
1641340800,45832.01,47070,42500,43451.13,51784.11857,31944.136650499975,-186.9480359892557,-1546.2205365431655,-1359.2725005539098,32.91268248340758,43.378813100197576,NaN,NaN
1641427200,43451.14,43816,42430.58,43082.31,38880.37305,31732.930867999978,-299.3748733477264,-1733.491092238568,-1434.1162188908415,32.11442953383528,42.0561467091838,NaN,NaN
1641513600,43082.3,43145.83,40610,41566.48,54836.50818,33223.75364149998,-437.8102769056047,-1981.3790650228475,-1543.5687881172428,29.001181897740537,40.51509948850857,NaN,NaN
1641600000,41566.48,42300,40501,41679.74,32952.73111,33406.10486449998,-480.3277571497533,-2143.9784845544345,-1663.6507274046812,29.55072370035211,39.10683145909514,NaN,NaN
1641686400,41679.74,42786.7,41200.02,41864.62,22724.39426,32749.89927299998,-454.8315195271341,-2232.190126813599,-1777.3586072864648,30.496426785440434,37.67797485440479,NaN,NaN
1641772800,41864.62,42248.5,39650,41822.49,50729.17019,33400.66132049998,-401.4927509243066,-2279.224545941848,-1877.7317950175416,30.396291973341278,36.260486139940994,NaN,NaN
1641859200,41822.49,43100,41268.93,42729.29,37296.43729,33915.27307499999,-272.02535077135576,-2217.7634834817363,-1945.7381327103806,35.3191423483417,35.879332819708544,NaN,NaN
1641945600,42729.29,44322,42450,43902.66,33943.2928,33852.810691999985,-83.9970188268685,-2050.734406243966,-1966.7373874170976,41.12204310187788,36.10319911540642,NaN,NaN
1642032000,43902.65,44500,42311.22,42560.11,34910.87762,34014.11396899999,-29.48927576722167,-2003.5989821261246,-1974.109706358903,37.02861630233921,35.85219654303797,NaN,NaN
1642118400,42558.35,43448.78,41725.95,43059.96,32640.88292,34689.38230849999,56.11783878430629,-1903.96240787852,-1960.0802466628263,39.445483547892515,35.94061842915231,NaN,NaN
1642204800,43059.96,43800,42555,43084.29,21936.05616,34657.6906595,126.25529108352771,-1802.2611328084167,-1928.5164238919444,39.56706584270934,35.62440678013935,NaN,NaN
1642291200,43084.29,43475,42581.79,43071.66,20602.35271,34248.829189,180.37347543209194,-1703.0495796018295,-1883.4230550339214,39.5227033068988,35.3942796237528,NaN,NaN
1642377600,43071.66,43176.18,41540.42,42201.62,27562.08613,33334.26653349999,166.4851175541478,-1675.3166580912366,-1841.8017756453844,36.48776200241484,35.11712407683886,NaN,NaN
1642464000,42201.63,42691,41250,42352.12,29324.08257,32825.52716199999,175.44865255677132,-1622.4909599494204,-1797.9396125061917,37.383486597472114,35.02485995886168,NaN,NaN
1642550400,42352.12,42559.13,41138.56,41660.01,31685.72159,32892.198456999984,144.09214330763325,-1617.8244333716502,-1761.9165766792835,34.942873137154805,35.16987357698648,NaN,NaN
1642636800,41660,43505,40553.31,40680.91,42330.33953,33261.89195149999,70.46412499909957,-1673.836420430409,-1744.3005454295085,31.7818016262826,35.146114440732724,NaN,NaN
1642723200,40680.92,41100,35440.45,36445.31,88860.891999,36724.71338894998,-233.781978084907,-2036.5280180356422,-1802.7460399507352,22.358685414111008,34.67165040618776,NaN,NaN
1642809600,36445.31,36835.22,34008,35071.42,90471.338961,40331.25731699998,-483.4654622839919,-2407.077867805725,-1923.612405521733,20.26030720748402,34.00804922812575,NaN,NaN
1642896000,35071.42,36499,34601.01,36244.55,44279.52354,41162.12963899998,-522.2145515150537,-2576.3805949155503,-2054.1660434004966,26.595220861764787,33.72939166214892,NaN,NaN
1642982400,36244.55,37550,32917.17,36660.35,91904.753211,43982.79661954998,-473.8635559141276,-2646.495488293156,-2172.6319323790285,28.755647930864455,33.612202801972,NaN,NaN
1643068800,36660.35,37545.14,35701,36958.32,49232.40183,43855.21078254998,-379.89415806616444,-2647.499629961734,-2267.6054718955697,30.33793171688049,33.25640204258192,NaN,NaN
1643155200,36958.32,38919.98,36234.63,36809.34,69830.16036,45402.700148049975,-289.915509789706,-2629.999859132702,-2340.084349342996,29.979424958379468,32.46050074661775,NaN,NaN
1643241600,36807.24,37234.47,35507.01,37160.1,53020.87934,45311.918706049975,-174.60200004939998,-2558.3368494047463,-2383.7348493553463,32.016384532145054,32.10248419160388,NaN,NaN
1643328000,37160.11,38000,36155.01,37716.56,42154.26956,45771.99562854997,-35.92876796474229,-2428.645809311274,-2392.717041346532,35.23525831683676,31.80175381795704,NaN,NaN
1643414400,37716.57,38720.74,37268.44,38166.84,26129.49682,45942.250756549976,103.42213494546877,-2263.439372664696,-2366.8615076101646,37.80158760028458,31.675648229212413,NaN,NaN
1643500800,38166.83,38359.26,37351.63,37881.76,21430.66527,44477.32551054998,188.72810697282648,-2130.9513738941314,-2319.679480866958,36.80715630477685,31.4816805862037,NaN,NaN
1643587200,37881.75,38744,36632.61,38466.9,36855.2458,44455.265936049975,290.79314120784966,-1956.188054357146,-2246.9811955649957,40.27982638913899,31.752542328112572,NaN,NaN
1643673600,38466.9,39265.2,38000,38694.59,34574.44663,44486.82362754997,374.5376128867347,-1778.809179456577,-2153.346792343312,41.62413145429022,32.05544553217101,NaN,NaN
1643760000,38694.59,38855.92,36586.95,36896.36,35794.6813,44531.01381154997,312.26595883470054,-1763.014343799936,-2075.2803026346364,34.935597788364404,32.05492586440026,NaN,NaN
1643846400,36896.37,37387,36250,37311.61,32081.10999,44503.02516504998,302.28601420343557,-1697.422784880342,-1999.7087990837776,37.43572017260286,32.45877718913742,NaN,NaN
1643932800,37311.98,41772.33,37026.73,41574.25,64703.95874,46641.420294049974,570.4471357898922,-1286.6498793464125,-1857.0970151363047,56.08868784537077,34.86806307708455,NaN,NaN
1644019200,41571.7,41913.69,40843.01,41382.59,32531.14158,47237.85973754998,713.3210557298423,-965.4456954740017,-1678.766751203844,55.29049201716724,37.37021913491907,NaN,NaN
1644105600,41382.6,42656,41116.56,42380.87,22405.16704,46980.01378304998,844.4910858301662,-623.1528939161362,-1467.6439797463024,58.595604128889136,39.65596079685652,NaN,NaN
1644192000,42380.87,44500.5,41645.85,43839.99,51060.62006,48066.84065754998,988.9341609811177,-231.47627851990546,-1220.4104395010231,62.911303625796606,42.09565048935168,NaN,NaN
1644278400,43839.99,45492,42666,44042.99,64880.29387,49726.56927154998,1051.7079540795773,94.22450309844862,-957.4834509811287,63.48160722329702,44.46305588266715,NaN,NaN
1644364800,44043,44799,43117.92,44372.72,34428.16729,49331.460659549986,1065.6928747910792,374.63264250772045,-691.0602322833588,64.4381319832229,46.92439209872738,NaN,NaN
1644451200,44372.71,45821,43174.01,43495.44,62357.29091,48006.280605099986,968.9072748015639,520.073861218596,-448.83341358296786,59.93967671285753,48.91891296877828,NaN,NaN
1644537600,43495.44,43920,41938.51,42373.73,44975.1687,45731.47209204999,789.9592322643116,538.6156267474216,-251.34360551688997,54.68312615878242,50.308046386060106,NaN,NaN
1644624000,42373.73,43079.49,41688.88,42217.87,26556.85681,44845.338755549994,628.7319282922169,534.5713048483813,-94.1606234438357,53.974827408936775,51.463277800963844,NaN,NaN
1644710400,42217.87,42760,41870,42053.66,17732.08113,41136.70515149999,485.0975568978689,512.2113226785004,27.113765780631525,53.193077444734435,52.63370073953224,NaN,NaN
1644796800,42053.65,42842.4,41550.56,42535.94,34010.1306,40375.59158999999,400.17149192870176,527.3281306915087,127.15663876280696,55.243381221827526,53.702526084724276,NaN,NaN
1644883200,42535.94,44751.4,42427.03,44544.86,38095.19576,38788.84335999999,453.0091472314244,693.4180728020874,240.40892557066303,62.59362609393961,55.20034713041351,NaN,NaN
1644969600,44544.85,44549.97,43307,43873.56,28471.8727,37561.39302799999,417.34671787448536,762.0923229137697,344.7456050392844,59.10080286200444,56.92643320710209,NaN,NaN
1645056000,43873.56,44164.71,40073.21,40515.7,47245.99494,37815.97929699999,155.68243296410253,539.3486462444125,383.66621328031,45.44146998509954,57.498272479423285,NaN,NaN
1645142400,40515.71,40959.88,39450,39974.44,43845.92241,38701.80057649999,-54.52456227612538,315.51051043515326,370.03507271127864,43.68866766123384,56.61255675198493,NaN,NaN
1645228800,39974.45,40444.32,39639.03,40079.17,18042.0551,38532.37006799999,-180.1098820471936,144.89772015228664,325.00760219948023,44.1376708871559,55.815926671269835,NaN,NaN
1645315200,40079.17,40125.44,38000,38386.89,33439.29011,38361.57228349999,-360.3430582494862,-125.42122061237751,234.9218376371087,38.7596845583592,54.39907527337484,NaN,NaN
1645401600,38386.89,39494.35,36800,37008.16,62347.68496,39750.23419999999,-544.549008030551,-445.7644224010801,98.78458562947094,35.016239425569665,52.40657068764434,NaN,NaN
1645488000,37008.16,38429,36350,38230.33,53785.94589,40649.79742949999,-554.3641358883449,-594.1705842309602,-39.80644834261531,40.50192868404694,50.765165077697915,NaN,NaN
1645574400,38230.33,39249.93,37036.79,37250.01,43558.40464,41223.662161999986,-593.6542082349929,-781.8742086363563,-188.2200004013635,37.749249422182665,48.8588163233379,NaN,NaN
1645660800,37250.02,39843,34322.28,38327.21,120476.29458,44012.27895399999,-516.6997765639167,-834.0947211062594,-317.3949445423427,42.383109223037266,47.60477578835073,NaN,NaN
1645747200,38328.68,39683.53,38014.37,39219.17,56574.57125,45214.45043749998,-381.5635410113606,-794.3493708065434,-412.78582979518285,45.96960371380083,46.98238132799491,NaN,NaN
1645833600,39219.16,40348.45,38573.18,39116.72,29361.2568,45562.25492549998,-279.6354053090382,-762.3300864314806,-482.6946811224424,45.61835781325569,46.38549064258911,NaN,NaN
1645920000,39116.73,39855.7,37000,37699.07,46229.44719,45320.69628199998,-287.1603503466745,-841.6451190557855,-554.484768709111,40.9550921789883,45.51134883789296,NaN,NaN
1646006400,37699.08,44225.84,37450.17,43160,73945.63858,45773.963517499986,76.7355066275934,-458.5653854246193,-535.3008920522127,58.537781841640715,45.74666316787962,NaN,NaN
1646092800,43160,44949,42809.98,44421.2,61743.09873,47139.71008949998,386.16285154770105,-52.597327617586416,-438.76017916528747,61.396869204630086,45.661180532928945,NaN,NaN
1646179200,44421.2,45400,43334.09,43892.98,57782.65081,46910.978084499984,530.1529483775511,223.9310063066514,-306.2219420708997,59.544894767415315,45.69290138331543,NaN,NaN
1646265600,43892.99,44101.12,41832.28,42454,50940.61021,47209.25015999998,503.57108304149506,323.24191173096915,-180.3291713105259,54.703930325781016,46.35450569336411,NaN,NaN
1646352000,42454,42527.3,38550,39148.66,61964.68498,48979.64156849998,251.21700625032355,133.69208650237852,-117.52491974794502,45.544484185521675,46.48706401652753,NaN,NaN
1646438400,39148.65,39613.24,38407.59,39397.96,30363.13341,49611.19418249998,96.85834509399923,3.5480116195540177,-93.31033347444522,46.275146561688594,46.63974085042272,NaN,NaN
1646524800,39397.97,39693.87,38088.57,38420.81,39677.26158,49894.550731499985,-66.47688549575349,-176.40644034413708,-109.92955484838359,43.79475302219045,46.99938859783924,NaN,NaN
1646611200,38420.8,39547.57,37155,37988,63994.11559,51189.49672299998,-191.9861318236993,-349.91221962800773,-157.92608780430842,42.70293257625314,47.54843810860235,NaN,NaN
1646697600,37988.01,39362.08,37867.65,38730.63,55528.43367,52542.32477149998,-211.7559719536667,-422.6210527463918,-210.8650807927251,45.226192326759204,47.88588551165322,NaN,NaN
1646784000,38730.63,42594.06,38656.45,41941.71,67392.58799,53549.654423999986,-6.2006861591020765,-218.61593849160272,-212.41525233250064,54.54703368442492,49.08572724467053,NaN,NaN
1646870400,41941.7,42039.63,38539.73,39422,71945.52888,54954.634747499986,-35.90302146509816,-257.29402916387335,-221.39100769877518,47.68920842506939,49.464734330529964,NaN,NaN
1646956800,39422.01,40236.26,38223.6,38729.57,59015.75104,57003.31954449999,-94.8086594928105,-339.9018320647883,-245.09317257197782,45.97848450255121,49.465368672583566,NaN,NaN
1647043200,38729.57,39486.71,38660.52,38807.36,24034.36432,56533.07325499998,-119.56070188368363,-394.5440499265824,-274.98334804289874,46.211926175093524,49.50776641271484,NaN,NaN
1647129600,38807.35,39310,37578.51,37777.34,32791.82359,55055.28018649998,-192.0337323611617,-515.0255134943509,-322.9917811331892,43.529650726122426,49.69166345179584,NaN,NaN
1647216000,37777.35,39947.12,37555,39671.37,46933.02814,54712.63429899998,-103.57447404200332,-452.4598736856933,-348.88539964369,49.35126931921349,49.035483985908186,NaN,NaN
1647302400,39671.37,39887.61,38098.33,39280.33,46015.54926,54835.49152999998,-64.47491725724984,-429.4790462152523,-365.00412895800247,48.24541396194776,48.09609432571659,NaN,NaN
1647388800,39280.33,41718,38828.48,41114,88120.76167,53217.714884499976,83.76001773660994,-260.30410678724,-344.06412452384996,53.50651648143317,47.66478159100358,NaN,NaN
1647475200,41114.01,41478.82,40500,40917.9,37189.38087,52248.45536549997,162.9020877388063,-140.43651485034206,-303.33860258914837,52.88733112846538,47.53502450548103,NaN,NaN
1647561600,40917.89,42325.02,40135.04,41757.51,45408.00969,53050.79300999998,260.31463621281125,22.05469267686567,-238.25994353594555,55.273825649893524,48.229977467221886,NaN,NaN
1647648000,41757.51,42400,41499.29,42201.13,29067.18108,52192.67970449998,338.2077734700239,184.49977330158436,-153.70800016843955,56.52685710016859,48.96224250568474,NaN,NaN
1647734400,42201.13,42296.26,40911,41262.11,30653.33468,50028.06450949998,310.7755363340567,234.76142024913133,-76.01411608492538,53.13359190000031,49.6293024255283,NaN,NaN
1647820800,41262.11,41544.22,40467.94,41002.25,39426.24877,48912.22201149997,261.3995224679952,250.73528700006864,-10.664235467926574,52.19973456632185,50.30764542481892,NaN,NaN
1647907200,41002.26,43361,40875.51,42364.13,59454.94294,48995.83661799997,303.7578224382352,369.03304257986747,65.27522014163223,56.513440162267244,51.113877413069496,NaN,NaN
1647993600,42364.13,43025.96,41751.47,42882.76,40828.87039,48490.249626999976,346.8863505183873,498.8831582896164,151.99680777122907,58.06545408999187,51.36519315632428,NaN,NaN
1648080000,42882.76,44220.89,42560.46,43991.46,56195.12374,48201.77156499997,425.10303867573685,683.3756061159002,258.2725674401633,61.249362116110305,52.3337755628272,NaN,NaN
1648166400,43991.46,45094.14,43579,44313.16,54614.43648,49414.33671849997,470.0186605195364,845.7958930895838,375.77723257004743,62.147422872465306,53.48869973210678,NaN,NaN
1648252800,44313.16,44792.99,44071.97,44511.27,23041.61741,48582.55450999997,482.74877535672465,979.2132017659533,496.4644264092286,62.720401093287,54.66787651197774,NaN,NaN
1648339200,44511.27,46999,44421.46,46827.76,41874.91071,47476.59426599997,608.728084852761,1257.3745324751799,648.6464476224189,68.68872205062371,56.46495303515639,NaN,NaN
1648425600,46827.76,48189.84,46663.56,47122.21,58949.2614,47647.63565249997,668.6564686004613,1484.4670333729955,815.8105647725342,69.36020139482008,57.89416246912829,NaN,NaN
1648512000,47122.21,48096.47,46950.85,47434.8,36772.28457,46116.62048149997,683.6775158795914,1670.4074596220235,986.729943742432,70.09344199070044,59.45473589975349,NaN,NaN
1648598400,47434.79,47700.22,46445.42,47067.99,40947.2085,44566.70446249997,624.8481263902661,1767.7901017302647,1142.9419753399986,68.03589635727369,60.49254874802781,NaN,NaN
1648684800,47067.99,47600,45200,45510.34,48645.12667,44048.17324399997,445.39386560873345,1699.6843073509153,1254.2904417421819,59.98362841504691,60.999427125640786,NaN,NaN
1648771200,45510.35,46720.09,44200,46283.49,56271.06474,45660.00826499997,347.47262939017355,1688.6312284798987,1341.1585990897252,62.36460512924796,61.505911374166104,NaN,NaN
1648857600,46283.49,47213,45620,45811,37073.53582,45874.09387649996,225.50211125356464,1623.036238156681,1397.5341269031164,60.01450058749805,61.7550287661182,NaN,NaN
1648944000,45810.99,47444.11,45530.92,46407.35,33394.67794,45197.17636649996,162.54877209912183,1600.7200920270188,1438.171319927897,61.9627792217541,62.385685003386335,NaN,NaN
1649030400,46407.36,46890.71,45118,46580.51,44641.87514,45128.492660499964,112.50889675903568,1578.8074408766915,1466.2985441176559,62.53362818788573,63.123820262069465,NaN,NaN
1649116800,46580.5,47200,45353.81,45497.55,42192.74852,42832.09200299996,-7.232971093849301,1457.2573302503442,1464.4903013441935,56.79303175644329,63.1437910902249,NaN,NaN
1649203200,45497.54,45507.14,43121,43170.47,60849.32936,44015.08942749996,-243.7659774294873,1159.7828295573345,1403.5488069868218,46.84210794174744,62.34212350820744,NaN,NaN
1649289600,43170.47,43900.99,42727.35,43444.19,37396.54156,43614.51602099997,-374.56938367306657,935.3370773954884,1309.906461068555,47.99631147041003,61.39547703351457,NaN,NaN
1649376000,43444.2,43970.62,42107.14,42252.01,42375.04203,44279.90906849997,-524.9431882013293,653.7274758168933,1178.6706640182226,43.559995627295635,60.067803658859596,NaN,NaN
1649462400,42252.02,42800,42125.48,42753.97,17891.66047,43641.825357999965,-570.3879872274576,465.6856799839006,1036.0736672113583,45.830294491416005,58.86136747301167,NaN,NaN
1649548800,42753.96,43410.3,41868,42158.85,22771.09403,42809.06762099997,-616.39607997914,265.57856723743316,881.9746472165732,43.59148188048029,57.06870746085856,NaN,NaN
1649635200,42158.85,42414.71,39200,39530.45,63560.44721,43014.34283449997,-788.6997022151727,-103.89998055239266,684.79972166278,35.372739176197754,54.64103158809983,NaN,NaN
1649721600,39530.45,40699,39254.63,40074.94,57751.01778,43860.45020399998,-826.846441475828,-348.758330182005,478.088111293823,37.981349429331196,52.34731069085916,NaN,NaN
1649808000,40074.95,41561.31,39588.54,41147.79,41340.15341,43117.70168749998,-743.3032792830321,-451.0409878099672,292.2622914730649,42.874174797293186,50.550044865146276,NaN,NaN
1649894400,41147.78,41500,39551.94,39942.38,36807.01401,42227.33056399998,-731.5658072359957,-622.1949675719297,109.37083966406598,39.13808392434687,49.06107740152485,NaN,NaN
1649980800,39942.37,40870.36,39766.4,40551.9,24026.35739,42276.56756299998,-647.9580692970609,-700.5767469572602,-52.61867766019927,41.89529983030049,47.59898416588573,NaN,NaN
1650067200,40551.9,40709.35,39991.55,40378.71,15805.44718,40973.094386499986,-572.160192971867,-767.818918875033,-195.65872590316602,41.32246305739186,46.26383862802101,NaN,NaN
1650153600,40378.7,40595.67,39546.17,39678.12,19988.49259,39025.05594599999,-537.5842036125655,-867.638980418873,-330.0547768063074,38.99945896974863,44.62360146716348,NaN,NaN
1650240000,39678.11,41116.73,38536.51,40801.13,54243.49575,39898.61650499999,-413.0546700191252,-846.3731143302139,-433.3184443110887,44.3955322034158,43.32802318255848,NaN,NaN
1650326400,40801.13,41760,40571,41493.18,35788.85843,39640.69900149999,-265.2334667692535,-764.8602777726555,-499.62681100340205,47.478840734125356,42.66272382382149,NaN,NaN
1650412800,41493.19,42199,40820,41358.19,40877.35041,39252.31018849999,-162.73776791245143,-703.0490208939664,-540.3112529815149,46.93216886235372,42.669156746721946,NaN,NaN
1650499200,41358.19,42976,39751,40480.01,59316.27657,39404.57077999999,-141.08194828958688,-716.6636883434985,-575.5817400539116,43.42891037217864,42.34291381113399,NaN,NaN
1650585600,40480.01,40795.06,39177,39709.18,46664.0196,39884.09496899998,-164.057852182087,-780.6540552815204,-616.5962030994334,40.56651877227253,42.1290940357752,NaN,NaN
1650672000,39709.19,39980,39285,39441.6,20291.42375,39228.93225949998,-181.31346051907235,-843.2380287482738,-661.9245682292014,39.591020430935316,41.68343160288372,NaN,NaN
1650758400,39441.61,39940,38929.62,39450.13,26703.61186,38332.019095499985,-176.0451857106766,-881.9810503675471,-705.9358646568705,39.64084940892614,41.40124356920129,NaN,NaN
1650844800,39450.12,40616,38200,40426.08,63037.12784,39374.23806149998,-94.79582205875363,-824.4306422303125,-729.6348201715589,45.20948831090991,42.10386850739501,NaN,NaN
1650931200,40426.08,40797.31,37702.26,38112.65,66650.258,39664.28449349998,-179.88669797369528,-954.493192638678,-774.6064946649827,36.59160073685602,42.00460074364679,NaN,NaN
1651017600,38112.64,39474.72,37881.31,39235.72,57083.12272,40648.61355149998,-145.05640930031905,-955.9270062903815,-810.8705969900625,42.33800340643473,41.9663027871569,NaN,NaN
1651104000,39235.72,40372.63,38881.43,39742.07,56086.6715,41334.19502499998,-75.91473593953378,-905.7640169144797,-829.8492809749459,44.768337893815996,42.36846378497612,NaN,NaN
1651190400,39742.06,39925.25,38175,38596.11,51453.65715,43012.29485899997,-94.16541121080957,-947.5560449884579,-853.3906337776483,40.597885954856025,42.275791365301515,NaN,NaN
1651276800,38596.11,38795.38,37578.2,37630.8,35321.18989,43639.79965199997,-154.49190398947803,-1046.5055137644958,-892.0136097750178,37.434405737197515,41.998072985287635,NaN,NaN
1651363200,37630.8,38675,37386.38,38468.35,38812.24104,42402.38934349998,-122.62185791147385,-1045.2909321643601,-922.6690742528863,41.68063201562771,42.18958534570756,NaN,NaN
1651449600,38468.35,39167.34,38052,38525.16,53200.92628,42174.88476849998,-84.18101073101423,-1027.895337666654,-943.7143269356399,41.968326400118265,42.01621350261489,NaN,NaN
1651536000,38525.16,38651.51,37517.8,37728.95,40316.45358,42123.69977699997,-97.88272348501948,-1066.0677312919142,-968.1850078068948,39.06002996986574,41.41486987659634,NaN,NaN
1651622400,37728.95,40023.77,37670,39690,62574.61736,43412.07994449997,32.63687005123802,-927.3889202428472,-960.0257902940853,48.52205225207612,41.52843297586223,NaN,NaN
1651708800,39690,39845.51,35571.9,36552.97,88722.43355,46646.88375249997,-78.71241001151031,-1058.4163028084731,-979.7038927969628,38.28220714120763,41.16081131650715,NaN,NaN
1651795200,36552.97,36675.63,35258,36013.77,68437.80187,49278.501486999965,-169.85645791077957,-1192.0244651854373,-1022.1680072746577,36.842994252588916,40.89484527938689,NaN,NaN
1651881600,36013.77,36146.3,34785,35472.39,34281.70682,49993.162198499966,-243.3103214122084,-1326.3059090399183,-1082.99558762771,35.40381419906076,40.59575911996728,NaN,NaN
1651968000,35472.4,35514.22,33713.95,34038.4,72445.64344,50903.269582999965,-358.2354786085657,-1530.789935888417,-1172.5544572798512,31.8543885417255,40.03958334373867,NaN,NaN
1652054400,34038.39,34243.15,30033.33,30076.31,191876.926428,58707.67298289996,-653.6504173934768,-1989.6174790216974,-1335.9670616282206,24.53523120194727,38.562850693098476,NaN,NaN
1652140800,30074.23,32658.99,29730.4,31017.1,165532.00311,64940.40561789996,-732.3265662693502,-2251.3752694649083,-1519.0487031955581,28.723105331933425,38.000815307032575,NaN,NaN
1652227200,31017.11,32162.59,27785,29103.94,207063.739278,72327.77875329996,-851.4940081015739,-2583.4162133225254,-1731.9222052209516,25.61058526164142,36.80599972526163,NaN,NaN
1652313600,29103.94,30243,26700,29029.75,204507.263138,80219.94093019995,-870.49415738167,-2820.039901948039,-1949.5457445663692,25.49520856483781,35.42934763033461,NaN,NaN
1652400000,29029.74,31083.37,28751.67,29287.05,97872.36957,84098.98822119996,-802.5764193850464,-2952.766268797677,-2150.189849412631,26.7280729585938,34.43864670203017,NaN,NaN
1652486400,29287.05,30343.27,28630,30086.74,51095.87863,85318.60155969995,-647.2972968948407,-2959.311470531182,-2312.014173636341,30.573318490500796,33.94856904155183,NaN,NaN
1652572800,30086.74,31460,29480,31328.89,46275.66912,84480.52862369995,-415.68965425567785,-2831.6262414559387,-2415.936587200261,36.176137669406586,33.555390873964605,NaN,NaN
1652659200,31328.89,31328.9,29087.04,29874.01,73082.19658,84802.12555269996,-319.55274229567067,-2815.3775150698493,-2495.8247727741787,32.83387796760154,32.902930271641985,NaN,NaN
1652745600,29874.01,30788.37,29450.38,30444.93,56724.13307,84784.17607019996,-183.35576690445123,-2725.0194814047427,-2541.6637145002915,35.35774941270047,32.6384816604159,NaN,NaN
1652832000,30444.93,30709.99,28654.47,28715.32,59749.15799,84967.30039469995,-175.58613561239463,-2761.146384015785,-2585.5602484033902,31.496428635914754,31.422365687832944,NaN,NaN
1652918400,28715.33,30545.18,28691.38,30319.23,67877.36415,85788.48574469995,-35.581917451680965,-2630.0376452179917,-2594.4557277663107,38.23279514377084,31.418836259444607,NaN,NaN
1653004800,30319.22,30777.33,28730,29201.01,60517.25325,87048.28891269995,6.326246666043062,-2586.5479194337568,-2592.8741660998,35.60407617083649,31.330342110748006,NaN,NaN
1653091200,29201.01,29656.18,28947.28,29445.06,20987.13124,86157.03342269995,71.47527942605211,-2503.530066817235,-2575.005346243287,36.628171969976854,31.417796237242012,NaN,NaN
1653177600,29445.07,30487.99,29255.11,30293.94,36158.98748,85304.93648269995,186.21194943670616,-2342.240409447404,-2528.4523588841103,40.191046921908566,32.013271835826515,NaN,NaN
1653264000,30293.93,30670.51,28866.35,29109.15,63901.49932,86484.18876969995,195.80602089294052,-2283.6948327679347,-2479.5008536608752,37.05933551108051,32.90785071505032,NaN,NaN
1653350400,29109.14,29845.86,28669,29654.58,59442.96036,86327.60591969994,248.96812820820378,-2168.2906934006205,-2417.2588216088243,39.4003539173103,33.670511328291525,NaN,NaN
1653436800,29654.58,30223.74,29294.21,29542.15,59537.38659,84868.35357169995,284.1004537907529,-2062.133254370383,-2346.233708161136,39.07770484145344,34.632448441135246,NaN,NaN
1653523200,29542.14,29886.64,28019.56,29201.35,94581.65463,86175.54620969994,290.86880462985937,-1982.6477023738116,-2273.516507003671,38.06027542928987,35.52995321716754,NaN,NaN
1653609600,29201.35,29397.66,28282.9,28828.81,87750.54067,88848.98790219994,276.8158359740919,-1927.4967120360561,-2204.312548010148,36.928412374592085,36.25854888973884,NaN,NaN